{"validation_loss": -0.594998856385549, "validation_fmmd_loss": 0.15166381001472473, "validation_bmmd_loss": 0.0574347178141276, "validation_mse_loss": 0.7370046634904436, "validation_mae_loss": 0.6240885439698955, "validation_z_std": 1.540138602256775, "validation_z_mean": 0.49339959025382996}